x,vx,z,vz,az,theta
0.0,2.0,5.0,-10.0,10.0,0.20135792079,
0.244149829685,2.01170034063,3.77925085157,-9.9789632676,2.88017431859e-15,-1.37248465705e-06,
0.489469693408,1.9438795596,2.56060537626,-10.9628548172,17.4432485301,0.376063627776,
0.728007478969,2.27842690931,1.24357075185,-10.2282160478,20.0,-0.523499999998,
1.0,0.0,0.0,0.0,0.0,0.0,
